"Date","Price","Open","High","Low","Vol.","Change %"
"01/02/2026","4,330.50","4,333.00","4,402.53","4,310.01","","-0.41%"
"01/01/2026","4,348.35","4,329.42","4,351.65","4,324.42","","0.77%"
"12/31/2025","4,315.09","4,346.47","4,373.89","4,274.51","","-0.72%"
"12/30/2025","4,346.51","4,332.09","4,404.51","4,323.33","","0.33%"
"12/29/2025","4,332.08","4,540.70","4,550.10","4,303.75","","-4.42%"
"12/26/2025","4,532.63","4,479.64","4,550.11","4,475.10","","0.83%"
"12/25/2025","4,495.35","4,487.10","4,500.35","4,483.59","","0.35%"
"12/24/2025","4,479.64","4,488.81","4,525.71","4,448.27","","-0.20%"
"12/23/2025","4,488.82","4,445.62","4,499.87","4,429.92","","0.96%"
"12/22/2025","4,445.95","4,338.98","4,449.60","4,337.90","","2.48%"
"12/19/2025","4,338.55","4,332.33","4,356.65","4,309.01","","0.14%"
"12/18/2025","4,332.40","4,341.06","4,374.69","4,308.60","","-0.20%"
"12/17/2025","4,341.08","4,303.80","4,349.13","4,301.27","","0.87%"
"12/16/2025","4,303.80","4,302.58","4,335.16","4,271.34","","0.03%"
"12/15/2025","4,302.70","4,299.00","4,350.50","4,285.21","","0.01%"
"12/12/2025","4,302.43","4,283.26","4,353.72","4,257.60","","0.45%"
"12/11/2025","4,283.28","4,228.53","4,286.24","4,203.98","","1.29%"
"12/10/2025","4,228.55","4,209.56","4,239.10","4,181.68","","0.45%"
"12/09/2025","4,209.54","4,189.00","4,221.67","4,170.00","","0.49%"
"12/08/2025","4,189.05","4,197.19","4,219.31","4,176.34","","-0.19%"
"12/05/2025","4,197.13","4,208.69","4,259.55","4,191.95","","-0.27%"
"12/04/2025","4,208.69","4,206.15","4,219.46","4,174.60","","0.06%"
"12/03/2025","4,206.22","4,208.14","4,242.00","4,194.39","","-0.05%"
"12/02/2025","4,208.14","4,232.72","4,236.28","4,163.01","","-0.58%"
"12/01/2025","4,232.73","4,223.93","4,264.74","4,205.87","","0.05%"
"11/28/2025","4,230.63","4,157.57","4,231.51","4,157.15","","1.76%"
"11/27/2025","4,157.57","4,164.53","4,169.00","4,142.57","","-0.17%"
"11/26/2025","4,164.59","4,131.15","4,173.70","4,128.99","","0.81%"
"11/25/2025","4,131.15","4,139.66","4,159.45","4,109.72","","-0.21%"
"11/24/2025","4,139.70","4,066.47","4,140.13","4,040.03","","1.82%"
"11/21/2025","4,065.90","4,077.54","4,101.37","4,022.70","","-0.28%"
"11/20/2025","4,077.50","4,081.66","4,110.17","4,038.73","","-0.10%"
"11/19/2025","4,081.66","4,067.86","4,133.04","4,055.23","","0.34%"
"11/18/2025","4,067.88","4,044.61","4,082.69","3,997.99","","0.58%"
"11/17/2025","4,044.61","4,082.02","4,106.85","4,006.83","","-0.86%"
"11/14/2025","4,079.58","4,171.47","4,211.68","4,032.32","","-2.20%"
"11/13/2025","4,171.46","4,198.75","4,245.20","4,145.41","","-0.65%"
"11/12/2025","4,198.73","4,126.68","4,211.96","4,098.76","","1.75%"
"11/11/2025","4,126.68","4,115.91","4,149.20","4,097.09","","0.26%"
"11/10/2025","4,115.90","3,999.94","4,116.26","3,997.87","","2.90%"
"11/07/2025","3,999.72","3,977.92","4,027.63","3,974.41","","0.55%"
"11/06/2025","3,977.87","3,982.59","4,019.84","3,964.46","","-0.12%"
"11/05/2025","3,982.62","3,932.06","3,990.60","3,929.61","","1.29%"
"11/04/2025","3,932.05","4,001.67","4,006.00","3,928.66","","-1.74%"
"11/03/2025","4,001.67","4,002.28","4,030.70","3,962.85","","-0.02%"
"10/31/2025","4,002.28","4,024.37","4,046.00","3,972.45","","-0.55%"
"10/30/2025","4,024.47","3,931.15","4,027.44","3,915.17","","2.39%"
"10/29/2025","3,930.38","3,952.52","4,030.40","3,917.12","","-0.56%"
"10/28/2025","3,952.58","3,983.41","4,020.11","3,886.49","","-0.73%"
"10/27/2025","3,981.59","4,065.35","4,109.33","3,971.34","","-3.17%"
"10/24/2025","4,112.10","4,127.13","4,144.70","4,044.70","","-0.34%"
"10/23/2025","4,126.17","4,095.57","4,154.96","4,065.49","","0.78%"
"10/22/2025","4,094.07","4,123.10","4,161.65","4,004.69","","-0.75%"
"10/21/2025","4,125.10","4,355.55","4,375.59","4,086.47","","-5.31%"
"10/20/2025","4,356.50","4,251.82","4,381.60","4,218.81","","2.51%"
"10/17/2025","4,249.98","4,328.75","4,379.44","4,186.91","","-1.76%"
"10/16/2025","4,326.18","4,209.81","4,330.91","4,199.60","","2.79%"
"10/15/2025","4,208.58","4,144.40","4,218.42","4,140.45","","1.60%"
"10/14/2025","4,142.31","4,108.98","4,180.39","4,090.49","","0.77%"
"10/13/2025","4,110.70","4,018.79","4,117.14","4,008.80","","2.30%"
"10/10/2025","4,018.30","3,977.58","4,022.96","3,946.80","","1.06%"
"10/09/2025","3,976.29","4,042.69","4,058.09","3,944.80","","-1.55%"
"10/08/2025","4,038.90","3,983.82","4,059.34","3,982.86","","1.38%"
"10/07/2025","3,983.82","3,962.48","3,991.18","3,940.75","","0.57%"
"10/06/2025","3,961.09","3,888.45","3,970.24","3,883.93","","1.91%"
"10/03/2025","3,886.83","3,857.92","3,891.85","3,838.05","","0.79%"
"10/02/2025","3,856.53","3,866.66","3,897.20","3,819.51","","-0.24%"
"10/01/2025","3,865.80","3,858.84","3,895.45","3,853.44","","0.19%"
"09/30/2025","3,858.51","3,833.84","3,871.87","3,793.18","","0.64%"
"09/29/2025","3,833.93","3,758.59","3,834.58","3,757.62","","1.96%"
"09/26/2025","3,760.24","3,748.18","3,783.88","3,734.58","","0.29%"
"09/25/2025","3,749.37","3,736.67","3,761.66","3,722.04","","0.35%"
"09/24/2025","3,736.29","3,765.78","3,779.54","3,717.30","","-0.74%"
"09/23/2025","3,764.19","3,746.47","3,791.11","3,736.73","","0.47%"
"09/22/2025","3,746.47","3,686.80","3,749.25","3,683.62","","1.67%"
"09/19/2025","3,684.98","3,645.04","3,686.33","3,632.28","","1.11%"
"09/18/2025","3,644.36","3,659.40","3,673.18","3,627.89","","-0.43%"
"09/17/2025","3,660.04","3,691.80","3,707.70","3,645.44","","-0.81%"
"09/16/2025","3,689.80","3,678.84","3,703.23","3,674.66","","0.29%"
"09/15/2025","3,679.13","3,644.40","3,685.65","3,626.60","","0.99%"
"09/12/2025","3,643.13","3,635.01","3,656.86","3,630.48","","0.25%"
"09/11/2025","3,634.09","3,642.60","3,649.27","3,614.01","","-0.18%"
"09/10/2025","3,640.74","3,629.05","3,657.77","3,619.58","","0.39%"
"09/09/2025","3,626.48","3,637.10","3,674.75","3,625.33","","-0.26%"
"09/08/2025","3,635.84","3,586.82","3,646.60","3,579.67","","1.37%"
"09/05/2025","3,586.81","3,547.00","3,600.33","3,540.05","","1.15%"
"09/04/2025","3,546.17","3,560.57","3,564.45","3,511.19","","-0.37%"
"09/03/2025","3,559.43","3,535.69","3,578.80","3,526.26","","0.73%"
"09/02/2025","3,533.73","3,478.36","3,540.64","3,470.20","","1.65%"
"09/01/2025","3,476.47","3,448.00","3,490.06","3,436.80","","0.83%"
"08/29/2025","3,448.00","3,418.20","3,454.08","3,404.29","","0.90%"
"08/28/2025","3,417.20","3,394.18","3,423.36","3,384.46","","0.58%"
"08/27/2025","3,397.42","3,392.88","3,398.94","3,373.76","","0.13%"
"08/26/2025","3,392.88","3,366.78","3,394.33","3,351.26","","0.77%"
"08/25/2025","3,366.79","3,371.23","3,376.47","3,359.69","","-0.16%"
"08/22/2025","3,372.11","3,338.76","3,379.01","3,321.49","","1.00%"
"08/21/2025","3,338.81","3,347.38","3,353.25","3,325.27","","-0.25%"
"08/20/2025","3,347.11","3,315.46","3,350.50","3,311.46","","0.95%"
"08/19/2025","3,315.46","3,332.38","3,345.46","3,314.88","","-0.45%"
"08/18/2025","3,330.55","3,338.00","3,358.50","3,323.52","","-0.15%"
"08/15/2025","3,335.39","3,336.50","3,349.02","3,332.16","","-0.03%"
"08/14/2025","3,336.50","3,354.73","3,374.97","3,329.85","","-0.54%"
"08/13/2025","3,354.73","3,346.20","3,370.90","3,342.65","","0.25%"
"08/12/2025","3,346.20","3,342.64","3,359.27","3,331.03","","0.04%"
"08/11/2025","3,344.83","3,398.50","3,405.10","3,340.82","","-1.59%"
"08/08/2025","3,398.78","3,397.28","3,408.83","3,379.61","","0.04%"
"08/07/2025","3,397.31","3,366.11","3,402.71","3,364.77","","0.84%"
"08/06/2025","3,369.04","3,379.69","3,385.47","3,358.26","","-0.36%"
"08/05/2025","3,381.27","3,373.38","3,390.62","3,349.89","","0.23%"
"08/04/2025","3,373.37","3,365.10","3,385.56","3,345.00","","0.31%"
"08/01/2025","3,362.88","3,290.83","3,363.55","3,281.55","","2.21%"
"07/31/2025","3,290.32","3,275.91","3,314.98","3,273.77","","0.46%"
"07/30/2025","3,275.25","3,324.01","3,334.21","3,268.15","","-1.55%"
"07/29/2025","3,326.84","3,316.54","3,334.21","3,307.95","","0.37%"
"07/28/2025","3,314.64","3,335.00","3,345.56","3,301.66","","-0.68%"
"07/25/2025","3,337.18","3,369.29","3,373.73","3,325.05","","-0.92%"
"07/24/2025","3,368.15","3,387.79","3,393.47","3,351.40","","-0.58%"
"07/23/2025","3,387.78","3,431.26","3,439.09","3,381.45","","-1.27%"
"07/22/2025","3,431.50","3,395.81","3,433.56","3,383.29","","1.05%"
"07/21/2025","3,395.80","3,348.62","3,401.85","3,344.48","","1.36%"
"07/18/2025","3,350.40","3,338.76","3,361.41","3,331.75","","0.34%"
"07/17/2025","3,338.95","3,346.59","3,352.50","3,309.90","","-0.23%"
"07/16/2025","3,346.58","3,322.63","3,377.50","3,319.69","","0.72%"
"07/15/2025","3,322.63","3,343.80","3,366.58","3,320.27","","-0.63%"
"07/14/2025","3,343.80","3,355.91","3,374.94","3,341.10","","-0.36%"
"07/11/2025","3,355.91","3,325.63","3,368.89","3,321.37","","0.99%"
"07/10/2025","3,323.07","3,313.70","3,330.47","3,310.23","","0.28%"
"07/09/2025","3,313.72","3,298.73","3,317.05","3,282.80","","0.39%"
"07/08/2025","3,300.70","3,335.99","3,345.94","3,287.17","","-1.05%"
"07/07/2025","3,335.61","3,335.95","3,343.29","3,296.41","","-0.03%"
"07/04/2025","3,336.64","3,326.44","3,345.15","3,323.59","","0.30%"
"07/03/2025","3,326.57","3,357.36","3,365.81","3,311.70","","-0.92%"
"07/02/2025","3,357.36","3,338.36","3,360.08","3,327.60","","0.54%"
"07/01/2025","3,339.21","3,302.87","3,358.09","3,301.52","","1.08%"
"06/30/2025","3,303.69","3,272.65","3,309.58","3,247.86","","0.90%"
"06/27/2025","3,274.25","3,328.06","3,328.88","3,255.72","","-1.62%"
"06/26/2025","3,328.06","3,332.47","3,350.47","3,310.01","","-0.13%"
"06/25/2025","3,332.46","3,324.20","3,337.23","3,312.00","","0.25%"
"06/24/2025","3,324.20","3,368.79","3,371.01","3,295.38","","-1.33%"
"06/23/2025","3,368.88","3,367.17","3,399.25","3,347.25","","0.02%"
"06/20/2025","3,368.23","3,370.82","3,374.63","3,340.38","","-0.07%"
"06/19/2025","3,370.75","3,369.08","3,388.07","3,347.59","","0.05%"
"06/18/2025","3,369.09","3,390.40","3,400.05","3,362.54","","-0.58%"
"06/17/2025","3,388.74","3,383.20","3,403.39","3,366.25","","0.16%"
"06/16/2025","3,383.20","3,431.54","3,451.62","3,382.40","","-1.44%"
"06/13/2025","3,432.64","3,385.30","3,447.02","3,379.79","","1.40%"
"06/12/2025","3,385.29","3,357.24","3,399.16","3,338.64","","0.94%"
"06/11/2025","3,353.84","3,322.52","3,360.82","3,315.23","","0.93%"
"06/10/2025","3,323.02","3,328.58","3,349.28","3,301.92","","-0.16%"
"06/09/2025","3,328.33","3,311.51","3,338.43","3,293.70","","0.55%"
"06/06/2025","3,310.17","3,354.26","3,375.74","3,306.87","","-1.31%"
"06/05/2025","3,354.16","3,376.55","3,403.55","3,339.20","","-0.66%"
"06/04/2025","3,376.54","3,352.56","3,384.84","3,343.76","","0.72%"
"06/03/2025","3,352.25","3,379.99","3,392.53","3,333.08","","-0.83%"
"06/02/2025","3,380.21","3,289.80","3,383.24","3,289.41","","2.76%"
"05/30/2025","3,289.40","3,319.51","3,322.95","3,271.55","","-0.83%"
"05/29/2025","3,317.02","3,286.36","3,330.94","3,245.55","","0.83%"
"05/28/2025","3,289.76","3,300.70","3,325.68","3,276.31","","-0.33%"
"05/27/2025","3,300.68","3,344.00","3,350.21","3,285.70","","-1.26%"
"05/26/2025","3,342.94","3,354.30","3,357.03","3,323.91","","-0.43%"
"05/23/2025","3,357.42","3,297.15","3,366.39","3,287.24","","1.89%"
"05/22/2025","3,295.00","3,316.49","3,345.62","3,279.55","","-0.60%"
"05/21/2025","3,314.99","3,290.12","3,325.14","3,285.51","","0.76%"
"05/20/2025","3,290.12","3,229.85","3,295.98","3,204.40","","1.87%"
"05/19/2025","3,229.85","3,214.60","3,249.91","3,205.98","","0.85%"
"05/16/2025","3,202.77","3,239.11","3,252.27","3,154.32","","-1.18%"
"05/15/2025","3,240.87","3,178.06","3,241.26","3,120.52","","1.95%"
"05/14/2025","3,178.75","3,248.37","3,257.39","3,167.95","","-2.15%"
"05/13/2025","3,248.47","3,233.40","3,265.44","3,215.96","","0.43%"
"05/12/2025","3,234.70","3,324.98","3,325.42","3,207.67","","-2.70%"
"05/09/2025","3,324.63","3,305.51","3,347.64","3,274.94","","0.58%"
"05/08/2025","3,305.52","3,366.95","3,414.96","3,288.80","","-1.77%"
"05/07/2025","3,365.21","3,430.21","3,438.59","3,360.20","","-1.89%"
"05/06/2025","3,430.21","3,336.39","3,435.17","3,322.98","","2.87%"
"05/05/2025","3,334.50","3,240.00","3,337.81","3,237.81","","2.89%"
"05/02/2025","3,240.88","3,238.55","3,269.49","3,222.75","","0.00%"
"05/01/2025","3,241.00","3,288.55","3,290.94","3,202.09","","-1.45%"
"04/30/2025","3,288.59","3,316.92","3,328.36","3,267.09","","-0.86%"
"04/29/2025","3,317.18","3,341.67","3,349.08","3,299.23","","-0.73%"
"04/28/2025","3,341.67","3,328.40","3,353.33","3,267.81","","0.67%"
"04/25/2025","3,319.45","3,347.20","3,371.15","3,265.25","","-0.89%"
"04/24/2025","3,349.10","3,288.43","3,367.59","3,287.77","","1.85%"
"04/23/2025","3,288.26","3,382.55","3,386.89","3,260.50","","-2.79%"
"04/22/2025","3,382.54","3,421.57","3,500.33","3,366.74","","-1.22%"
"04/21/2025","3,424.30","3,334.41","3,430.93","3,327.82","","2.91%"
"04/17/2025","3,327.54","3,344.41","3,358.00","3,283.87","","-0.47%"
"04/16/2025","3,343.22","3,226.25","3,345.19","3,226.25","121.32K","3.58%"
"04/15/2025","3,227.60","3,210.21","3,234.16","3,209.36","121.32K","0.57%"
"04/14/2025","3,209.28","3,237.35","3,245.84","3,193.41","","-0.83%"
"04/11/2025","3,236.21","3,174.14","3,245.69","3,174.14","","1.96%"
"04/10/2025","3,173.92","3,083.75","3,176.94","3,071.03","","2.98%"
"04/09/2025","3,082.18","2,984.08","3,099.87","2,970.01","","3.30%"
"04/08/2025","2,983.78","2,983.39","3,022.84","2,974.45","","0.04%"
"04/07/2025","2,982.54","3,038.02","3,055.88","2,956.60","","-1.80%"
"04/04/2025","3,037.36","3,113.16","3,137.10","3,015.64","","-2.42%"
"04/03/2025","3,112.83","3,134.16","3,168.04","3,054.19","","-0.66%"
"04/02/2025","3,133.57","3,111.00","3,140.36","3,104.81","","0.74%"
"04/01/2025","3,110.55","3,123.36","3,149.11","3,100.85","","-0.40%"
"03/31/2025","3,123.05","3,086.54","3,128.29","3,076.62","","1.27%"
"03/28/2025","3,084.03","3,056.35","3,086.93","3,053.91","","0.91%"
"03/27/2025","3,056.10","3,019.56","3,059.75","3,017.26","","1.22%"
"03/26/2025","3,019.29","3,020.13","3,032.23","3,012.38","","-0.02%"
"03/25/2025","3,019.85","3,012.40","3,035.94","3,007.53","","0.25%"
"03/24/2025","3,012.27","3,023.03","3,033.44","3,002.34","","-0.38%"
"03/21/2025","3,023.63","3,042.60","3,047.66","2,999.46","","-0.68%"
"03/20/2025","3,044.41","3,046.31","3,057.51","3,025.56","","-0.09%"
"03/19/2025","3,047.18","3,032.20","3,052.30","3,022.73","","0.44%"
"03/18/2025","3,033.95","2,999.11","3,038.45","2,999.11","","1.08%"
"03/17/2025","3,001.47","2,985.80","3,002.23","2,982.13","","0.57%"
"03/14/2025","2,984.42","2,988.38","3,005.08","2,978.41","","-0.11%"
"03/13/2025","2,987.75","2,932.66","2,989.64","2,932.03","","1.90%"
"03/12/2025","2,932.06","2,916.85","2,940.83","2,906.19","","0.55%"
"03/11/2025","2,916.04","2,888.72","2,922.22","2,880.34","","0.92%"
"03/10/2025","2,889.40","2,912.17","2,918.50","2,880.30","","-0.73%"
"03/07/2025","2,910.79","2,910.48","2,930.56","2,896.71","","0.03%"
"03/06/2025","2,909.99","2,918.98","2,926.88","2,891.34","","-0.30%"
"03/05/2025","2,918.84","2,917.59","2,929.94","2,894.19","","0.05%"
"03/04/2025","2,917.49","2,894.05","2,928.15","2,881.81","","0.82%"
"03/03/2025","2,893.71","2,856.71","2,895.45","2,855.63","","1.23%"
"02/28/2025","2,858.60","2,877.66","2,885.34","2,832.63","","-0.61%"
"02/27/2025","2,876.19","2,916.80","2,920.96","2,867.86","","-1.37%"
"02/26/2025","2,916.19","2,915.42","2,930.22","2,890.99","","0.04%"
"02/25/2025","2,915.12","2,951.82","2,954.44","2,888.06","","-1.22%"
"02/24/2025","2,951.19","2,936.41","2,956.37","2,920.77","","0.52%"
"02/21/2025","2,936.03","2,939.00","2,950.01","2,916.70","","-0.09%"
"02/20/2025","2,938.70","2,932.81","2,954.97","2,924.20","","0.21%"
"02/19/2025","2,932.64","2,935.73","2,947.23","2,918.50","","-0.10%"
"02/18/2025","2,935.58","2,897.51","2,937.46","2,891.94","","1.31%"
"02/17/2025","2,897.66","2,883.55","2,906.69","2,887.20","","0.50%"
"02/14/2025","2,883.18","2,929.19","2,940.23","2,876.96","","-1.57%"
"02/13/2025","2,929.03","2,904.10","2,929.74","2,900.20","","0.87%"
"02/12/2025","2,903.66","2,898.90","2,909.16","2,864.01","","0.18%"
"02/11/2025","2,898.34","2,907.47","2,943.25","2,881.76","","-0.31%"
"02/10/2025","2,907.34","2,864.08","2,911.60","2,854.69","","1.64%"
"02/07/2025","2,860.39","2,856.60","2,886.96","2,852.55","","0.14%"
"02/06/2025","2,856.50","2,865.26","2,873.74","2,834.40","","-0.30%"
"02/05/2025","2,865.09","2,842.06","2,882.53","2,839.32","","0.81%"
"02/04/2025","2,841.94","2,814.80","2,845.57","2,806.90","","1.01%"
"02/03/2025","2,813.49","2,801.40","2,831.70","2,771.69","","0.45%"
"01/31/2025","2,801.00","2,794.04","2,817.57","2,790.78","","0.25%"
"01/30/2025","2,793.88","2,757.90","2,798.80","2,757.24","","1.31%"
"01/29/2025","2,757.71","2,763.48","2,766.53","2,744.71","","-0.20%"
"01/28/2025","2,763.11","2,742.57","2,765.18","2,734.68","","0.80%"
"01/27/2025","2,741.10","2,770.70","2,773.02","2,729.80","","-1.09%"
"01/24/2025","2,771.30","2,754.06","2,786.04","2,752.56","","0.64%"
"01/23/2025","2,753.69","2,755.96","2,759.06","2,735.85","","-0.05%"
"01/22/2025","2,755.02","2,745.08","2,763.72","2,741.83","121.32K","0.39%"
"01/21/2025","2,744.39","2,709.01","2,746.88","2,702.49","121.32K","1.34%"
"01/20/2025","2,708.06","2,702.51","2,714.40","2,689.32","121.32K","0.24%"
"01/17/2025","2,701.55","2,713.85","2,717.73","2,698.41","121.32K","-0.45%"
"01/16/2025","2,713.77","2,695.96","2,724.86","2,690.00","121.32K","0.67%"
"01/15/2025","2,695.82","2,677.29","2,697.85","2,669.04","121.32K","0.70%"
"01/14/2025","2,677.16","2,662.53","2,678.44","2,659.79","121.32K","0.56%"
"01/13/2025","2,662.12","2,689.35","2,693.77","2,656.73","121.32K","-1.02%"
"01/10/2025","2,689.63","2,670.74","2,698.57","2,663.65","121.32K","0.73%"
"01/09/2025","2,670.19","2,662.20","2,675.42","2,662.35","121.32K","0.31%"
"01/08/2025","2,662.06","2,649.85","2,670.60","2,645.03","121.32K","0.47%"
"01/07/2025","2,649.49","2,636.02","2,664.54","2,632.57","","0.54%"
"01/06/2025","2,635.33","2,641.00","2,649.62","2,614.60","","-0.14%"
"01/03/2025","2,639.12","2,657.29","2,665.47","2,636.40","","-0.68%"
"01/02/2025","2,657.16","2,626.60","2,660.85","2,621.51","","1.27%"
"12/31/2024","2,623.81","2,606.13","2,627.85","2,602.50","","0.71%"
"12/30/2024","2,605.39","2,620.30","2,628.61","2,595.90","","-0.56%"
"12/27/2024","2,620.00","2,634.59","2,638.74","2,611.30","","-0.55%"
"12/26/2024","2,634.43","2,619.79","2,639.40","2,614.13","","0.81%"
"12/24/2024","2,613.20","2,613.07","2,621.83","2,609.92","","0.01%"
"12/23/2024","2,612.93","2,622.24","2,633.60","2,607.97","","-0.30%"
"12/20/2024","2,620.77","2,593.97","2,631.92","2,589.56","","1.04%"
"12/19/2024","2,593.85","2,587.87","2,626.73","2,583.49","","0.24%"
"12/18/2024","2,587.63","2,645.68","2,652.08","2,586.52","","-2.19%"
"12/17/2024","2,645.54","2,652.63","2,659.22","2,633.00","","-0.26%"
"12/16/2024","2,652.50","2,649.10","2,664.83","2,643.34","","0.16%"
"12/13/2024","2,648.39","2,681.47","2,693.02","2,645.90","","-1.23%"
"12/12/2024","2,681.33","2,718.07","2,726.31","2,675.04","","-1.35%"
"12/11/2024","2,717.93","2,693.76","2,721.35","2,674.58","","0.90%"
"12/10/2024","2,693.64","2,658.82","2,695.79","2,657.95","","1.31%"
"12/09/2024","2,658.78","2,635.52","2,676.52","2,627.47","","0.98%"
"12/06/2024","2,632.91","2,632.18","2,645.69","2,613.57","","0.03%"
"12/05/2024","2,632.05","2,649.92","2,655.62","2,623.55","","-0.67%"
"12/04/2024","2,649.79","2,643.57","2,657.36","2,632.50","","0.24%"
"12/03/2024","2,643.44","2,639.05","2,655.71","2,634.12","121.32K","0.17%"
"12/02/2024","2,638.93","2,653.82","2,656.21","2,621.90","","-0.55%"
"11/29/2024","2,653.55","2,641.20","2,666.35","2,634.11","","0.48%"
"11/28/2024","2,640.96","2,635.74","2,650.12","2,620.95","","0.21%"
"11/27/2024","2,635.51","2,632.16","2,658.40","2,627.06","","0.14%"
"11/26/2024","2,631.89","2,625.38","2,642.05","2,605.29","","0.25%"
"11/25/2024","2,625.26","2,715.10","2,721.43","2,615.70","","-3.22%"
"11/22/2024","2,712.55","2,669.84","2,712.91","2,667.38","","1.61%"
"11/21/2024","2,669.69","2,650.19","2,673.86","2,647.95","","0.74%"
"11/20/2024","2,650.05","2,631.80","2,655.50","2,618.70","","0.70%"
"11/19/2024","2,631.68","2,612.29","2,639.69","2,610.25","","0.75%"
"11/18/2024","2,612.20","2,561.59","2,615.17","2,561.59","","1.99%"
"11/15/2024","2,561.24","2,566.54","2,576.09","2,554.58","","-0.19%"
"11/14/2024","2,566.19","2,573.91","2,581.61","2,536.91","","-0.29%"
"11/13/2024","2,573.78","2,597.41","2,618.97","2,573.00","","-0.90%"
"11/12/2024","2,597.27","2,620.31","2,627.24","2,589.79","","-0.88%"
"11/11/2024","2,620.20","2,684.81","2,686.51","2,610.62","","-2.37%"
"11/08/2024","2,683.77","2,707.37","2,710.51","2,680.36","","-0.86%"
"11/07/2024","2,706.99","2,659.36","2,710.20","2,643.50","","1.80%"
"11/06/2024","2,659.24","2,743.88","2,749.80","2,652.44","","-3.07%"
"11/05/2024","2,743.59","2,736.58","2,750.06","2,724.75","","0.26%"
"11/04/2024","2,736.39","2,734.10","2,748.30","2,729.78","","0.05%"
"11/01/2024","2,735.16","2,742.50","2,762.29","2,733.20","","-0.32%"
"10/31/2024","2,743.80","2,787.75","2,790.41","2,731.65","","-1.52%"
"10/30/2024","2,786.19","2,775.01","2,790.09","2,770.65","","0.40%"
"10/29/2024","2,775.13","2,743.70","2,775.89","2,739.82","","1.21%"
"10/28/2024","2,741.98","2,734.84","2,746.06","2,724.72","","-0.21%"
"10/25/2024","2,747.69","2,736.10","2,747.97","2,716.97","","0.44%"
"10/24/2024","2,735.70","2,717.99","2,743.38","2,715.72","","0.67%"
"10/23/2024","2,717.54","2,749.52","2,758.53","2,708.79","","-1.12%"
"10/22/2024","2,748.38","2,720.00","2,749.47","2,718.93","","1.06%"
"10/21/2024","2,719.65","2,721.71","2,740.61","2,714.23","","-0.02%"
"10/18/2024","2,720.25","2,692.41","2,722.87","2,691.48","","1.03%"
"10/17/2024","2,692.55","2,674.05","2,696.80","2,673.00","","0.72%"
"10/16/2024","2,673.24","2,663.00","2,685.73","2,658.71","","0.46%"
"10/15/2024","2,660.99","2,651.75","2,669.07","2,638.31","","0.37%"
"10/14/2024","2,651.05","2,657.21","2,666.94","2,643.16","","-0.19%"
"10/11/2024","2,656.00","2,630.80","2,661.55","2,627.65","","1.01%"
"10/10/2024","2,629.48","2,608.14","2,631.63","2,604.15","","0.83%"
"10/09/2024","2,607.77","2,620.19","2,624.65","2,605.18","","-0.54%"
"10/08/2024","2,621.94","2,643.50","2,653.09","2,604.79","","-0.82%"
"10/07/2024","2,643.58","2,651.20","2,659.91","2,637.70","","-0.33%"
"10/04/2024","2,652.25","2,654.39","2,670.15","2,632.00","","-0.14%"
"10/03/2024","2,655.90","2,658.66","2,663.40","2,639.73","","-0.07%"
"10/02/2024","2,657.75","2,661.15","2,663.85","2,641.18","","-0.19%"
"10/01/2024","2,662.82","2,635.41","2,673.20","2,631.98","","1.08%"
"09/30/2024","2,634.49","2,658.30","2,666.11","2,624.78","","-0.88%"
"09/27/2024","2,657.97","2,669.50","2,674.40","2,643.15","","-0.46%"
"09/26/2024","2,670.20","2,657.32","2,685.96","2,654.56","","0.50%"
"09/25/2024","2,656.82","2,655.90","2,670.60","2,649.84","","0.00%"
"09/24/2024","2,656.70","2,628.92","2,664.47","2,622.58","","1.08%"
"09/23/2024","2,628.40","2,621.81","2,635.54","2,613.60","","0.25%"
"09/20/2024","2,621.96","2,587.50","2,625.79","2,584.81","","1.37%"
"09/19/2024","2,586.48","2,559.07","2,594.89","2,551.26","","1.08%"
"09/18/2024","2,558.80","2,571.73","2,600.21","2,546.98","","-0.42%"
"09/17/2024","2,569.52","2,582.46","2,587.01","2,560.84","","-0.51%"
"09/16/2024","2,582.58","2,578.06","2,589.78","2,575.40","","0.24%"
"09/13/2024","2,576.50","2,556.52","2,586.18","2,556.52","","0.69%"
"09/12/2024","2,558.75","2,512.02","2,560.21","2,511.02","","1.88%"
"09/11/2024","2,511.44","2,515.70","2,529.40","2,501.01","","-0.19%"
"09/10/2024","2,516.12","2,506.84","2,518.57","2,500.16","","0.43%"
"09/09/2024","2,505.25","2,497.32","2,507.42","2,485.60","","0.33%"
"09/06/2024","2,497.03","2,516.90","2,529.30","2,485.15","","-0.77%"
"09/05/2024","2,516.32","2,495.50","2,523.54","2,493.76","","0.89%"
"09/04/2024","2,494.19","2,492.94","2,500.20","2,471.95","","0.06%"
"09/03/2024","2,492.76","2,500.50","2,506.44","2,473.25","","-0.26%"
"09/02/2024","2,499.29","2,502.74","2,507.50","2,490.14","","-0.15%"
"08/30/2024","2,503.03","2,520.89","2,527.07","2,494.36","","-0.72%"
"08/29/2024","2,521.18","2,504.65","2,528.77","2,503.65","","0.76%"
"08/28/2024","2,502.25","2,522.74","2,529.15","2,493.66","","-0.88%"
"08/27/2024","2,524.57","2,518.30","2,526.27","2,503.41","","0.31%"
"08/26/2024","2,516.89","2,511.43","2,527.76","2,508.71","","0.19%"
"08/23/2024","2,512.07","2,482.20","2,518.45","2,481.20","","1.16%"
"08/22/2024","2,483.29","2,512.50","2,514.82","2,470.86","","-1.14%"
"08/21/2024","2,511.95","2,512.82","2,520.09","2,494.15","","-0.07%"
"08/20/2024","2,513.74","2,501.55","2,532.05","2,497.33","","0.39%"
"08/19/2024","2,503.92","2,508.40","2,510.45","2,485.83","","-0.13%"
"08/16/2024","2,507.28","2,456.57","2,509.89","2,450.76","","2.08%"
"08/15/2024","2,456.10","2,448.15","2,470.25","2,432.19","","0.35%"
"08/14/2024","2,447.64","2,467.40","2,478.49","2,438.12","","-0.71%"
"08/13/2024","2,465.03","2,472.64","2,477.02","2,458.50","","-0.29%"
"08/12/2024","2,472.25","2,431.21","2,473.48","2,423.84","","1.70%"
"08/09/2024","2,430.93","2,427.29","2,437.15","2,416.93","","0.17%"
"08/08/2024","2,426.75","2,382.43","2,427.80","2,380.70","","1.90%"
"08/07/2024","2,381.53","2,389.67","2,407.05","2,379.05","","-0.33%"
"08/06/2024","2,389.37","2,410.01","2,418.35","2,381.79","","-0.76%"
"08/05/2024","2,407.65","2,443.27","2,458.80","2,364.40","","-1.46%"
"08/02/2024","2,443.29","2,445.16","2,477.72","2,410.83","","-0.09%"
"08/01/2024","2,445.42","2,448.10","2,462.40","2,430.25","","-0.11%"
"07/31/2024","2,448.10","2,410.09","2,451.00","2,410.17","","1.65%"
"07/30/2024","2,408.43","2,383.66","2,413.00","2,376.51","","1.04%"
"07/29/2024","2,383.54","2,387.20","2,403.23","2,369.77","","-0.09%"
"07/26/2024","2,385.57","2,364.30","2,390.82","2,355.89","","0.89%"
"07/25/2024","2,364.50","2,398.49","2,401.32","2,353.19","","-1.38%"
"07/24/2024","2,397.59","2,408.94","2,432.05","2,396.50","","-0.48%"
"07/23/2024","2,409.21","2,396.80","2,412.15","2,388.26","","0.48%"
"07/22/2024","2,397.65","2,400.41","2,412.32","2,384.00","","-0.13%"
"07/19/2024","2,400.79","2,445.34","2,446.29","2,393.92","","-1.81%"
"07/18/2024","2,444.97","2,460.13","2,475.02","2,440.41","","-0.55%"
"07/17/2024","2,458.38","2,476.22","2,483.78","2,451.60","","-0.41%"
"07/16/2024","2,468.57","2,424.80","2,469.91","2,423.54","","1.92%"
"07/15/2024","2,422.07","2,409.50","2,439.74","2,401.35","","0.45%"
"07/12/2024","2,411.27","2,416.47","2,418.37","2,391.52","","-0.15%"
"07/11/2024","2,414.78","2,371.58","2,424.62","2,370.83","","1.84%"
"07/10/2024","2,371.07","2,363.80","2,386.75","2,362.73","","0.32%"
"07/09/2024","2,363.58","2,358.60","2,371.52","2,349.59","","0.20%"
"07/08/2024","2,358.80","2,391.77","2,391.85","2,351.16","","-1.37%"
"07/05/2024","2,391.46","2,358.01","2,393.04","2,354.03","","1.50%"
"07/04/2024","2,356.12","2,353.70","2,362.64","2,350.76","","0.00%"
"07/03/2024","2,356.06","2,328.00","2,365.06","2,326.93","","1.15%"
"07/02/2024","2,329.28","2,332.05","2,336.90","2,319.24","","-0.10%"
"07/01/2024","2,331.70","2,326.46","2,338.72","2,318.55","","0.26%"
"06/28/2024","2,325.71","2,327.75","2,339.79","2,319.15","","-0.07%"
"06/27/2024","2,327.45","2,299.80","2,331.00","2,296.50","","1.29%"
"06/26/2024","2,297.91","2,320.00","2,323.95","2,293.70","","-0.91%"
"06/25/2024","2,319.01","2,333.25","2,337.26","2,315.56","","-0.60%"
"06/24/2024","2,332.93","2,321.60","2,335.02","2,317.37","","0.54%"
"06/21/2024","2,320.34","2,360.30","2,368.85","2,316.76","","-1.66%"
"06/20/2024","2,359.63","2,329.15","2,365.52","2,327.30","","1.38%"
"06/19/2024","2,327.48","2,329.79","2,335.10","2,323.84","","-0.04%"
"06/18/2024","2,328.33","2,319.38","2,333.25","2,306.63","","0.41%"
"06/17/2024","2,318.87","2,332.20","2,333.48","2,310.02","","-0.59%"
"06/14/2024","2,332.52","2,302.52","2,336.87","2,301.35","","1.27%"
"06/13/2024","2,303.19","2,325.70","2,326.70","2,295.68","","-0.83%"
"06/12/2024","2,322.55","2,315.53","2,341.70","2,310.80","","0.27%"
"06/11/2024","2,316.27","2,311.00","2,320.17","2,297.69","","0.25%"
"06/10/2024","2,310.60","2,296.00","2,313.87","2,287.31","","0.78%"
"06/07/2024","2,292.71","2,376.50","2,387.85","2,286.77","","-3.49%"
"06/06/2024","2,375.61","2,355.16","2,378.57","2,353.60","","0.88%"
"06/05/2024","2,354.78","2,328.00","2,358.07","2,325.88","","1.16%"
"06/04/2024","2,327.68","2,349.00","2,351.76","2,315.53","","-0.96%"
"06/03/2024","2,350.35","2,329.61","2,354.82","2,314.76","","1.00%"
"05/31/2024","2,326.97","2,345.07","2,353.24","2,323.96","","-0.68%"
"05/30/2024","2,343.00","2,339.67","2,351.83","2,322.72","","0.18%"
"05/29/2024","2,338.77","2,361.00","2,362.86","2,334.75","","-0.94%"
"05/28/2024","2,360.95","2,352.29","2,364.12","2,340.17","","0.43%"
"05/27/2024","2,350.74","2,334.50","2,358.56","2,332.36","","0.73%"
"05/24/2024","2,333.76","2,328.40","2,347.54","2,325.40","","0.23%"
"05/23/2024","2,328.37","2,378.60","2,383.86","2,327.00","","-2.10%"
"05/22/2024","2,378.25","2,423.75","2,426.64","2,374.98","","-1.79%"
"05/21/2024","2,421.64","2,426.84","2,434.00","2,406.32","","-0.14%"
"05/20/2024","2,425.12","2,415.02","2,450.13","2,407.34","","0.42%"
"05/17/2024","2,414.89","2,376.81","2,422.87","2,373.96","","1.62%"
"05/16/2024","2,376.44","2,386.42","2,397.44","2,371.01","","-0.40%"
"05/15/2024","2,386.04","2,358.20","2,390.36","2,351.82","","1.19%"
"05/14/2024","2,357.97","2,338.20","2,359.83","2,334.55","","0.94%"
"05/13/2024","2,336.05","2,362.70","2,364.94","2,332.34","","-1.02%"
"05/10/2024","2,360.14","2,346.26","2,378.45","2,345.25","","0.61%"
"05/09/2024","2,345.88","2,309.04","2,347.59","2,306.67","","1.61%"
"05/08/2024","2,308.65","2,314.70","2,321.56","2,303.85","","-0.22%"
"05/07/2024","2,313.79","2,322.50","2,330.06","2,310.06","","-0.42%"
"05/06/2024","2,323.57","2,302.50","2,331.99","2,291.79","","0.96%"
"05/03/2024","2,301.56","2,303.20","2,321.64","2,277.47","","-0.08%"
"05/02/2024","2,303.29","2,319.89","2,326.57","2,285.58","","-0.63%"
"05/01/2024","2,317.90","2,285.91","2,328.40","2,281.66","","1.41%"
"04/30/2024","2,285.57","2,335.10","2,336.54","2,284.94","","-2.09%"
"04/29/2024","2,334.44","2,337.50","2,346.85","2,320.08","","-0.14%"
"04/26/2024","2,337.72","2,332.16","2,352.62","2,326.30","","0.25%"
"04/25/2024","2,331.78","2,316.20","2,344.86","2,305.28","","0.69%"
"04/24/2024","2,315.82","2,322.19","2,337.16","2,311.90","","-0.26%"
"04/23/2024","2,321.81","2,326.62","2,334.48","2,291.40","","-0.19%"
"04/22/2024","2,326.29","2,388.20","2,388.72","2,325.29","","-2.68%"
"04/19/2024","2,390.45","2,378.60","2,417.79","2,372.96","","0.51%"
"04/18/2024","2,378.25","2,360.74","2,392.84","2,360.70","","0.74%"
"04/17/2024","2,360.81","2,383.20","2,395.63","2,354.84","","-0.92%"
"04/16/2024","2,382.83","2,382.86","2,398.34","2,362.95","","0.01%"
"04/15/2024","2,382.51","2,343.86","2,387.59","2,324.59","","1.67%"
"04/12/2024","2,343.43","2,373.59","2,431.53","2,333.90","","-1.26%"
"04/11/2024","2,373.24","2,333.17","2,377.80","2,325.84","","1.73%"
"04/10/2024","2,332.79","2,352.91","2,360.15","2,319.54","","-0.84%"
"04/09/2024","2,352.58","2,339.24","2,365.34","2,336.94","","0.59%"
"04/08/2024","2,338.89","2,322.00","2,354.09","2,302.86","","0.40%"
"04/05/2024","2,329.50","2,289.88","2,330.34","2,267.85","","1.75%"
"04/04/2024","2,289.43","2,299.62","2,305.31","2,280.15","","-0.42%"
"04/03/2024","2,299.17","2,279.57","2,301.22","2,265.50","","0.84%"
"04/02/2024","2,280.10","2,250.88","2,281.17","2,246.79","","1.32%"
"04/01/2024","2,250.36","2,239.59","2,265.86","2,228.54","","0.81%"
"03/28/2024","2,232.38","2,194.19","2,235.90","2,187.33","","1.75%"
"03/27/2024","2,194.02","2,179.03","2,197.71","2,173.59","","0.71%"
"03/26/2024","2,178.58","2,171.82","2,200.15","2,167.75","","0.33%"
"03/25/2024","2,171.45","2,165.79","2,181.30","2,163.50","","0.34%"
"03/22/2024","2,164.15","2,181.50","2,186.25","2,157.15","","-0.76%"
"03/21/2024","2,180.81","2,186.00","2,222.90","2,166.50","","-0.24%"
"03/20/2024","2,185.96","2,158.29","2,188.90","2,149.60","","1.33%"
"03/19/2024","2,157.23","2,160.70","2,162.93","2,146.90","","-0.13%"
"03/18/2024","2,159.99","2,156.00","2,163.64","2,146.05","","0.21%"
"03/15/2024","2,155.54","2,162.40","2,173.25","2,155.19","","-0.25%"
"03/14/2024","2,161.01","2,174.29","2,177.10","2,152.86","","-0.62%"
"03/13/2024","2,174.40","2,158.25","2,179.91","2,155.54","","0.76%"
"03/12/2024","2,157.99","2,183.00","2,184.86","2,150.59","","-1.12%"
"03/11/2024","2,182.47","2,177.71","2,189.04","2,174.80","","0.23%"
"03/08/2024","2,177.51","2,159.40","2,195.20","2,154.08","","0.85%"
"03/07/2024","2,159.16","2,148.54","2,164.54","2,144.29","","0.51%"
"03/06/2024","2,148.29","2,127.95","2,152.29","2,123.65","","0.98%"
"03/05/2024","2,127.55","2,115.15","2,142.15","2,110.52","","0.59%"
"03/04/2024","2,114.99","2,082.09","2,119.95","2,079.45","","1.52%"
"03/01/2024","2,083.39","2,043.44","2,088.40","2,038.55","","1.96%"
"02/29/2024","2,043.24","2,034.92","2,050.79","2,027.75","","0.42%"
"02/28/2024","2,034.62","2,030.05","2,038.30","2,024.56","","0.25%"
"02/27/2024","2,029.64","2,030.99","2,039.99","2,028.78","","-0.05%"
"02/26/2024","2,030.66","2,034.49","2,037.59","2,025.10","","-0.25%"
"02/23/2024","2,035.72","2,024.49","2,041.43","2,015.55","","0.57%"
"02/22/2024","2,024.11","2,025.24","2,034.84","2,019.70","","-0.04%"
"02/21/2024","2,024.99","2,023.80","2,032.22","2,020.19","","0.07%"
"02/20/2024","2,023.53","2,017.99","2,030.96","2,015.02","","0.29%"
"02/19/2024","2,017.63","2,013.16","2,023.34","2,011.57","","0.22%"
"02/16/2024","2,013.10","2,004.40","2,015.25","1,995.26","","0.45%"
"02/15/2024","2,004.09","1,992.69","2,008.49","1,990.25","","0.59%"
"02/14/2024","1,992.39","1,992.55","1,996.14","1,984.30","","0.01%"
"02/13/2024","1,992.13","2,019.90","2,030.05","1,990.19","","-1.37%"
"02/12/2024","2,019.79","2,024.53","2,028.09","2,011.91","","-0.22%"
"02/09/2024","2,024.16","2,033.65","2,037.44","2,020.30","","-0.44%"
"02/08/2024","2,033.18","2,034.55","2,038.94","2,019.75","","-0.05%"
"02/07/2024","2,034.22","2,035.90","2,044.65","2,030.65","","-0.06%"
"02/06/2024","2,035.46","2,024.99","2,039.02","2,022.55","","0.53%"
"02/05/2024","2,024.67","2,039.91","2,042.32","2,014.40","","-0.68%"
"02/02/2024","2,038.59","2,055.09","2,058.20","2,027.45","","-0.79%"
"02/01/2024","2,054.89","2,037.59","2,065.42","2,029.55","","0.87%"
"01/31/2024","2,037.19","2,036.58","2,056.08","2,031.00","","0.05%"
"01/30/2024","2,036.12","2,031.97","2,048.48","2,029.19","","0.21%"
"01/29/2024","2,031.75","2,019.40","2,037.75","2,017.38","","0.66%"
"01/26/2024","2,018.34","2,019.94","2,026.80","2,015.97","","-0.07%"
"01/25/2024","2,019.75","2,012.84","2,025.27","2,010.15","","0.36%"
"01/24/2024","2,012.59","2,028.94","2,036.74","2,011.28","","-0.79%"
"01/23/2024","2,028.69","2,021.24","2,037.92","2,019.59","","0.38%"
"01/22/2024","2,020.99","2,029.90","2,032.28","2,016.74","","-0.40%"
"01/19/2024","2,029.09","2,023.05","2,039.49","2,020.37","","0.32%"
"01/18/2024","2,022.67","2,006.09","2,023.45","2,005.43","","0.85%"
"01/17/2024","2,005.72","2,027.90","2,033.05","2,001.91","","-1.08%"
"01/16/2024","2,027.59","2,054.91","2,055.65","2,024.29","","-1.31%"
"01/15/2024","2,054.49","2,048.09","2,059.25","2,045.80","","0.28%"
"01/12/2024","2,048.72","2,028.30","2,062.35","2,027.99","","1.02%"
"01/11/2024","2,028.09","2,023.74","2,039.69","2,013.32","","0.23%"
"01/10/2024","2,023.40","2,029.94","2,040.44","2,020.45","","-0.31%"
"01/09/2024","2,029.59","2,028.40","2,042.09","2,026.11","","0.09%"
"01/08/2024","2,027.84","2,044.08","2,046.71","2,016.84","","-0.86%"
"01/05/2024","2,045.50","2,043.69","2,064.03","2,024.49","","0.11%"
"01/04/2024","2,043.26","2,041.34","2,051.40","2,036.24","","0.12%"
"01/03/2024","2,040.78","2,059.15","2,066.12","2,030.68","","-0.88%"